Frame_Number,Object_Info,Keypoint_15_X,Keypoint_15_Y,Keypoint_16_X,Keypoint_16_Y
1,"{'Object_ID': 2, 'Class': 'bottle', 'Center_X': 973, 'Center_Y': 874, 'Status': 'Not Moving'}"
2,"{'Object_ID': 2, 'Class': 'bottle', 'Center_X': 973, 'Center_Y': 874, 'Status': 'Not Moving'}"
3,"{'Object_ID': 2, 'Class': 'bottle', 'Center_X': 973, 'Center_Y': 873, 'Status': 'Not Moving'}"
4,"{'Object_ID': 2, 'Class': 'bottle', 'Center_X': 973, 'Center_Y': 872, 'Status': 'Not Moving'}"
5,"{'Object_ID': 2, 'Class': 'bottle', 'Center_X': 973, 'Center_Y': 872, 'Status': 'Not Moving'}"
6,"{'Object_ID': 2, 'Class': 'bottle', 'Center_X': 974, 'Center_Y': 873, 'Status': 'Not Moving'}"
7,"{'Object_ID': 2, 'Class': 'bottle', 'Center_X': 973, 'Center_Y': 872, 'Status': 'Not Moving'}"
8,"{'Object_ID': 2, 'Class': 'bottle', 'Center_X': 973, 'Center_Y': 872, 'Status': 'Not Moving'}"
9,"{'Object_ID': 2, 'Class': 'bottle', 'Center_X': 973, 'Center_Y': 873, 'Status': 'Not Moving'}"
10,"{'Object_ID': 2, 'Class': 'bottle', 'Center_X': 974, 'Center_Y': 872, 'Status': 'Not Moving'}"
11,"{'Object_ID': 2, 'Class': 'bottle', 'Center_X': 973, 'Center_Y': 873, 'Status': 'Not Moving'}"
12,"{'Object_ID': 2, 'Class': 'bottle', 'Center_X': 973, 'Center_Y': 873, 'Status': 'Not Moving'}"
13,"{'Object_ID': 2, 'Class': 'bottle', 'Center_X': 973, 'Center_Y': 873, 'Status': 'Not Moving'}"
14,"{'Object_ID': 2, 'Class': 'bottle', 'Center_X': 973, 'Center_Y': 873, 'Status': 'Not Moving'}"
15,"{'Object_ID': 2, 'Class': 'bottle', 'Center_X': 973, 'Center_Y': 873, 'Status': 'Not Moving'}"
16,"{'Object_ID': 2, 'Class': 'bottle', 'Center_X': 973, 'Center_Y': 873, 'Status': 'Not Moving'}"
17,"{'Object_ID': 2, 'Class': 'bottle', 'Center_X': 973, 'Center_Y': 873, 'Status': 'Not Moving'}"
18,"{'Object_ID': 2, 'Class': 'bottle', 'Center_X': 974, 'Center_Y': 872, 'Status': 'Not Moving'}"
19,"{'Object_ID': 2, 'Class': 'bottle', 'Center_X': 973, 'Center_Y': 872, 'Status': 'Not Moving'}"
20,"{'Object_ID': 2, 'Class': 'bottle', 'Center_X': 973, 'Center_Y': 872, 'Status': 'Not Moving'}"
21,"{'Object_ID': 2, 'Class': 'bottle', 'Center_X': 973, 'Center_Y': 873, 'Status': 'Not Moving'}"
22,"{'Object_ID': 2, 'Class': 'bottle', 'Center_X': 973, 'Center_Y': 872, 'Status': 'Not Moving'}"
23,"{'Object_ID': 2, 'Class': 'bottle', 'Center_X': 973, 'Center_Y': 873, 'Status': 'Not Moving'}"
24,"{'Object_ID': 2, 'Class': 'bottle', 'Center_X': 973, 'Center_Y': 873, 'Status': 'Not Moving'}"
25,"{'Object_ID': 2, 'Class': 'bottle', 'Center_X': 973, 'Center_Y': 874, 'Status': 'Not Moving'}"
26,"{'Object_ID': 2, 'Class': 'bottle', 'Center_X': 973, 'Center_Y': 872, 'Status': 'Not Moving'}"
27,"{'Object_ID': 2, 'Class': 'bottle', 'Center_X': 973, 'Center_Y': 874, 'Status': 'Not Moving'}"
28,"{'Object_ID': 2, 'Class': 'bottle', 'Center_X': 973, 'Center_Y': 873, 'Status': 'Not Moving'}"
29,"{'Object_ID': 2, 'Class': 'bottle', 'Center_X': 973, 'Center_Y': 873, 'Status': 'Not Moving'}"
30,"{'Object_ID': 2, 'Class': 'bottle', 'Center_X': 973, 'Center_Y': 873, 'Status': 'Not Moving'}"
31,"{'Object_ID': 2, 'Class': 'bottle', 'Center_X': 973, 'Center_Y': 873, 'Status': 'Not Moving'}"
32,"{'Object_ID': 2, 'Class': 'bottle', 'Center_X': 973, 'Center_Y': 874, 'Status': 'Not Moving'}"
33,"{'Object_ID': 2, 'Class': 'bottle', 'Center_X': 973, 'Center_Y': 873, 'Status': 'Not Moving'}"
34,"{'Object_ID': 2, 'Class': 'bottle', 'Center_X': 973, 'Center_Y': 874, 'Status': 'Not Moving'}"
35,"{'Object_ID': 2, 'Class': 'bottle', 'Center_X': 973, 'Center_Y': 874, 'Status': 'Not Moving'}"
36,"{'Object_ID': 2, 'Class': 'bottle', 'Center_X': 973, 'Center_Y': 874, 'Status': 'Not Moving'}"
37,"{'Object_ID': 2, 'Class': 'bottle', 'Center_X': 973, 'Center_Y': 873, 'Status': 'Not Moving'}"
38,"{'Object_ID': 2, 'Class': 'bottle', 'Center_X': 973, 'Center_Y': 874, 'Status': 'Not Moving'}"
39,"{'Object_ID': 2, 'Class': 'bottle', 'Center_X': 973, 'Center_Y': 873, 'Status': 'Not Moving'}"
40,"{'Object_ID': 2, 'Class': 'bottle', 'Center_X': 973, 'Center_Y': 874, 'Status': 'Not Moving'}"
41,"{'Object_ID': 2, 'Class': 'bottle', 'Center_X': 973, 'Center_Y': 874, 'Status': 'Not Moving'}"
42,"{'Object_ID': 2, 'Class': 'bottle', 'Center_X': 973, 'Center_Y': 874, 'Status': 'Not Moving'}"
43,"{'Object_ID': 2, 'Class': 'bottle', 'Center_X': 973, 'Center_Y': 874, 'Status': 'Not Moving'}"
44,"{'Object_ID': 2, 'Class': 'bottle', 'Center_X': 973, 'Center_Y': 873, 'Status': 'Not Moving'}"
45,"{'Object_ID': 2, 'Class': 'bottle', 'Center_X': 973, 'Center_Y': 873, 'Status': 'Not Moving'}"
46,"{'Object_ID': 2, 'Class': 'bottle', 'Center_X': 973, 'Center_Y': 874, 'Status': 'Not Moving'}"
47,"{'Object_ID': 2, 'Class': 'bottle', 'Center_X': 973, 'Center_Y': 873, 'Status': 'Not Moving'}"
48,"{'Object_ID': 2, 'Class': 'bottle', 'Center_X': 973, 'Center_Y': 873, 'Status': 'Not Moving'}"
49,"{'Object_ID': 2, 'Class': 'bottle', 'Center_X': 973, 'Center_Y': 873, 'Status': 'Not Moving'}"
50,"{'Object_ID': 2, 'Class': 'bottle', 'Center_X': 973, 'Center_Y': 874, 'Status': 'Not Moving'}"
51,"{'Object_ID': 2, 'Class': 'bottle', 'Center_X': 973, 'Center_Y': 873, 'Status': 'Not Moving'}"
52,"{'Object_ID': 2, 'Class': 'bottle', 'Center_X': 973, 'Center_Y': 873, 'Status': 'Not Moving'}"
53,"{'Object_ID': 2, 'Class': 'bottle', 'Center_X': 973, 'Center_Y': 873, 'Status': 'Not Moving'}"
54,"{'Object_ID': 2, 'Class': 'bottle', 'Center_X': 973, 'Center_Y': 873, 'Status': 'Not Moving'}"
55,"{'Object_ID': 2, 'Class': 'bottle', 'Center_X': 973, 'Center_Y': 873, 'Status': 'Not Moving'}"
56,"{'Object_ID': 2, 'Class': 'bottle', 'Center_X': 972, 'Center_Y': 873, 'Status': 'Not Moving'}"
57,"{'Object_ID': 2, 'Class': 'bottle', 'Center_X': 973, 'Center_Y': 873, 'Status': 'Not Moving'}"
58,"{'Object_ID': 2, 'Class': 'bottle', 'Center_X': 973, 'Center_Y': 873, 'Status': 'Not Moving'}"
59,"{'Object_ID': 2, 'Class': 'bottle', 'Center_X': 973, 'Center_Y': 873, 'Status': 'Not Moving'}"
60,"{'Object_ID': 2, 'Class': 'bottle', 'Center_X': 973, 'Center_Y': 873, 'Status': 'Not Moving'}"
61,"{'Object_ID': 2, 'Class': 'bottle', 'Center_X': 973, 'Center_Y': 873, 'Status': 'Not Moving'}"
62,"{'Object_ID': 2, 'Class': 'bottle', 'Center_X': 973, 'Center_Y': 873, 'Status': 'Not Moving'}"
63,"{'Object_ID': 2, 'Class': 'bottle', 'Center_X': 973, 'Center_Y': 873, 'Status': 'Not Moving'}"
64,"{'Object_ID': 2, 'Class': 'bottle', 'Center_X': 973, 'Center_Y': 873, 'Status': 'Not Moving'}"
65,"{'Object_ID': 2, 'Class': 'bottle', 'Center_X': 973, 'Center_Y': 873, 'Status': 'Not Moving'}"
66,"{'Object_ID': 2, 'Class': 'bottle', 'Center_X': 973, 'Center_Y': 873, 'Status': 'Not Moving'}"
67,"{'Object_ID': 2, 'Class': 'bottle', 'Center_X': 973, 'Center_Y': 873, 'Status': 'Not Moving'}"
68,"{'Object_ID': 2, 'Class': 'bottle', 'Center_X': 973, 'Center_Y': 873, 'Status': 'Not Moving'}"
69,"{'Object_ID': 2, 'Class': 'bottle', 'Center_X': 973, 'Center_Y': 873, 'Status': 'Not Moving'}"
70,"{'Object_ID': 2, 'Class': 'bottle', 'Center_X': 973, 'Center_Y': 873, 'Status': 'Not Moving'}"
71,"{'Object_ID': 2, 'Class': 'bottle', 'Center_X': 973, 'Center_Y': 873, 'Status': 'Not Moving'}"
72,"{'Object_ID': 2, 'Class': 'bottle', 'Center_X': 973, 'Center_Y': 873, 'Status': 'Not Moving'}"
73,"{'Object_ID': 2, 'Class': 'bottle', 'Center_X': 973, 'Center_Y': 873, 'Status': 'Not Moving'}"
74,"{'Object_ID': 2, 'Class': 'bottle', 'Center_X': 973, 'Center_Y': 873, 'Status': 'Not Moving'}"
75,"{'Object_ID': 2, 'Class': 'bottle', 'Center_X': 973, 'Center_Y': 873, 'Status': 'Not Moving'}"
76,"{'Object_ID': 2, 'Class': 'bottle', 'Center_X': 973, 'Center_Y': 874, 'Status': 'Not Moving'}"
77,"{'Object_ID': 2, 'Class': 'bottle', 'Center_X': 973, 'Center_Y': 873, 'Status': 'Not Moving'}"
78,"{'Object_ID': 2, 'Class': 'bottle', 'Center_X': 973, 'Center_Y': 873, 'Status': 'Not Moving'}"
79,"{'Object_ID': 2, 'Class': 'bottle', 'Center_X': 973, 'Center_Y': 873, 'Status': 'Not Moving'}"
80,"{'Object_ID': 2, 'Class': 'bottle', 'Center_X': 973, 'Center_Y': 874, 'Status': 'Not Moving'}"
81,"{'Object_ID': 2, 'Class': 'bottle', 'Center_X': 973, 'Center_Y': 873, 'Status': 'Not Moving'}"
82,"{'Object_ID': 2, 'Class': 'bottle', 'Center_X': 973, 'Center_Y': 874, 'Status': 'Not Moving'}"
83,"{'Object_ID': 2, 'Class': 'bottle', 'Center_X': 973, 'Center_Y': 873, 'Status': 'Not Moving'}"
84,"{'Object_ID': 2, 'Class': 'bottle', 'Center_X': 972, 'Center_Y': 873, 'Status': 'Not Moving'}"
85,"{'Object_ID': 2, 'Class': 'bottle', 'Center_X': 972, 'Center_Y': 873, 'Status': 'Not Moving'}"
86,"{'Object_ID': 2, 'Class': 'bottle', 'Center_X': 973, 'Center_Y': 873, 'Status': 'Not Moving'}"
87,"{'Object_ID': 2, 'Class': 'bottle', 'Center_X': 972, 'Center_Y': 873, 'Status': 'Not Moving'}"
88,"{'Object_ID': 2, 'Class': 'bottle', 'Center_X': 973, 'Center_Y': 873, 'Status': 'Not Moving'}"
89,"{'Object_ID': 2, 'Class': 'bottle', 'Center_X': 973, 'Center_Y': 873, 'Status': 'Not Moving'}"
90,"{'Object_ID': 2, 'Class': 'bottle', 'Center_X': 973, 'Center_Y': 873, 'Status': 'Not Moving'}"
91,"{'Object_ID': 2, 'Class': 'bottle', 'Center_X': 973, 'Center_Y': 873, 'Status': 'Not Moving'}"
92,"{'Object_ID': 2, 'Class': 'bottle', 'Center_X': 973, 'Center_Y': 873, 'Status': 'Not Moving'}"
93,"{'Object_ID': 2, 'Class': 'bottle', 'Center_X': 972, 'Center_Y': 873, 'Status': 'Not Moving'}"
94,"{'Object_ID': 2, 'Class': 'bottle', 'Center_X': 972, 'Center_Y': 873, 'Status': 'Not Moving'}"
95,"{'Object_ID': 2, 'Class': 'bottle', 'Center_X': 973, 'Center_Y': 873, 'Status': 'Not Moving'}"
96,"{'Object_ID': 2, 'Class': 'bottle', 'Center_X': 973, 'Center_Y': 873, 'Status': 'Not Moving'}"
97,"{'Object_ID': 2, 'Class': 'bottle', 'Center_X': 973, 'Center_Y': 873, 'Status': 'Not Moving'}"
98,"{'Object_ID': 2, 'Class': 'bottle', 'Center_X': 972, 'Center_Y': 873, 'Status': 'Not Moving'}"
99,"{'Object_ID': 2, 'Class': 'bottle', 'Center_X': 973, 'Center_Y': 873, 'Status': 'Not Moving'}"
100,"{'Object_ID': 2, 'Class': 'bottle', 'Center_X': 973, 'Center_Y': 873, 'Status': 'Not Moving'}"
101,"{'Object_ID': 2, 'Class': 'bottle', 'Center_X': 972, 'Center_Y': 873, 'Status': 'Not Moving'}"
102,"{'Object_ID': 2, 'Class': 'bottle', 'Center_X': 973, 'Center_Y': 873, 'Status': 'Not Moving'}"
103,"{'Object_ID': 2, 'Class': 'bottle', 'Center_X': 973, 'Center_Y': 873, 'Status': 'Not Moving'}"
104,"{'Object_ID': 2, 'Class': 'bottle', 'Center_X': 972, 'Center_Y': 873, 'Status': 'Not Moving'}"
105,"{'Object_ID': 2, 'Class': 'bottle', 'Center_X': 973, 'Center_Y': 873, 'Status': 'Not Moving'}"
106,"{'Object_ID': 2, 'Class': 'bottle', 'Center_X': 973, 'Center_Y': 873, 'Status': 'Not Moving'}"
107,"{'Object_ID': 2, 'Class': 'bottle', 'Center_X': 972, 'Center_Y': 873, 'Status': 'Not Moving'}"
108,"{'Object_ID': 2, 'Class': 'bottle', 'Center_X': 972, 'Center_Y': 873, 'Status': 'Not Moving'}"
109,"{'Object_ID': 2, 'Class': 'bottle', 'Center_X': 972, 'Center_Y': 873, 'Status': 'Not Moving'}"
110,"{'Object_ID': 2, 'Class': 'bottle', 'Center_X': 973, 'Center_Y': 873, 'Status': 'Not Moving'}"
111,"{'Object_ID': 2, 'Class': 'bottle', 'Center_X': 972, 'Center_Y': 873, 'Status': 'Not Moving'}"
112,"{'Object_ID': 2, 'Class': 'bottle', 'Center_X': 972, 'Center_Y': 873, 'Status': 'Not Moving'}"
113,"{'Object_ID': 2, 'Class': 'bottle', 'Center_X': 972, 'Center_Y': 873, 'Status': 'Not Moving'}"
114,"{'Object_ID': 2, 'Class': 'bottle', 'Center_X': 972, 'Center_Y': 873, 'Status': 'Not Moving'}"
115,"{'Object_ID': 2, 'Class': 'bottle', 'Center_X': 972, 'Center_Y': 873, 'Status': 'Not Moving'}"
116,"{'Object_ID': 2, 'Class': 'bottle', 'Center_X': 973, 'Center_Y': 873, 'Status': 'Not Moving'}"
117,"{'Object_ID': 2, 'Class': 'bottle', 'Center_X': 973, 'Center_Y': 873, 'Status': 'Not Moving'}"
118,"{'Object_ID': 2, 'Class': 'bottle', 'Center_X': 973, 'Center_Y': 873, 'Status': 'Not Moving'}"
119,"{'Object_ID': 2, 'Class': 'bottle', 'Center_X': 973, 'Center_Y': 873, 'Status': 'Not Moving'}"
120,"{'Object_ID': 2, 'Class': 'bottle', 'Center_X': 972, 'Center_Y': 873, 'Status': 'Not Moving'}"
121,"{'Object_ID': 2, 'Class': 'bottle', 'Center_X': 973, 'Center_Y': 873, 'Status': 'Not Moving'}"
122,"{'Object_ID': 2, 'Class': 'bottle', 'Center_X': 973, 'Center_Y': 873, 'Status': 'Not Moving'}"
123,"{'Object_ID': 2, 'Class': 'bottle', 'Center_X': 972, 'Center_Y': 873, 'Status': 'Not Moving'}"
124,"{'Object_ID': 2, 'Class': 'bottle', 'Center_X': 972, 'Center_Y': 873, 'Status': 'Not Moving'}"
125,"{'Object_ID': 2, 'Class': 'bottle', 'Center_X': 972, 'Center_Y': 873, 'Status': 'Not Moving'}"
126,"{'Object_ID': 2, 'Class': 'bottle', 'Center_X': 972, 'Center_Y': 873, 'Status': 'Not Moving'}"
127,"{'Object_ID': 2, 'Class': 'bottle', 'Center_X': 972, 'Center_Y': 873, 'Status': 'Not Moving'}"
128,"{'Object_ID': 2, 'Class': 'bottle', 'Center_X': 972, 'Center_Y': 873, 'Status': 'Not Moving'}"
129,"{'Object_ID': 2, 'Class': 'bottle', 'Center_X': 972, 'Center_Y': 873, 'Status': 'Not Moving'}"
130,"{'Object_ID': 2, 'Class': 'bottle', 'Center_X': 973, 'Center_Y': 873, 'Status': 'Not Moving'}"
131,"{'Object_ID': 2, 'Class': 'bottle', 'Center_X': 972, 'Center_Y': 873, 'Status': 'Not Moving'}"
132,"{'Object_ID': 2, 'Class': 'bottle', 'Center_X': 972, 'Center_Y': 873, 'Status': 'Not Moving'}"
133,"{'Object_ID': 2, 'Class': 'bottle', 'Center_X': 973, 'Center_Y': 873, 'Status': 'Not Moving'}"
134,"{'Object_ID': 2, 'Class': 'bottle', 'Center_X': 972, 'Center_Y': 873, 'Status': 'Not Moving'}"
135,"{'Object_ID': 2, 'Class': 'bottle', 'Center_X': 973, 'Center_Y': 873, 'Status': 'Not Moving'}"
136,"{'Object_ID': 2, 'Class': 'bottle', 'Center_X': 973, 'Center_Y': 873, 'Status': 'Not Moving'}"
137,"{'Object_ID': 2, 'Class': 'bottle', 'Center_X': 973, 'Center_Y': 873, 'Status': 'Not Moving'}"
138,"{'Object_ID': 2, 'Class': 'bottle', 'Center_X': 973, 'Center_Y': 873, 'Status': 'Not Moving'}"
139,"{'Object_ID': 2, 'Class': 'bottle', 'Center_X': 973, 'Center_Y': 873, 'Status': 'Not Moving'}"
140,"{'Object_ID': 2, 'Class': 'bottle', 'Center_X': 973, 'Center_Y': 873, 'Status': 'Not Moving'}"
141,"{'Object_ID': 2, 'Class': 'bottle', 'Center_X': 973, 'Center_Y': 873, 'Status': 'Not Moving'}"
142,"{'Object_ID': 2, 'Class': 'bottle', 'Center_X': 973, 'Center_Y': 873, 'Status': 'Not Moving'}"
143,"{'Object_ID': 2, 'Class': 'bottle', 'Center_X': 973, 'Center_Y': 873, 'Status': 'Not Moving'}"
144,"{'Object_ID': 2, 'Class': 'bottle', 'Center_X': 973, 'Center_Y': 873, 'Status': 'Not Moving'}"
145,"{'Object_ID': 2, 'Class': 'bottle', 'Center_X': 973, 'Center_Y': 873, 'Status': 'Not Moving'}"
146,"{'Object_ID': 2, 'Class': 'bottle', 'Center_X': 973, 'Center_Y': 873, 'Status': 'Not Moving'}"
147,"{'Object_ID': 2, 'Class': 'bottle', 'Center_X': 973, 'Center_Y': 873, 'Status': 'Not Moving'}"
148,"{'Object_ID': 2, 'Class': 'bottle', 'Center_X': 973, 'Center_Y': 873, 'Status': 'Not Moving'}"
149,"{'Object_ID': 2, 'Class': 'bottle', 'Center_X': 973, 'Center_Y': 873, 'Status': 'Not Moving'}"
150,"{'Object_ID': 2, 'Class': 'bottle', 'Center_X': 973, 'Center_Y': 873, 'Status': 'Not Moving'}"
151,"{'Object_ID': 2, 'Class': 'bottle', 'Center_X': 973, 'Center_Y': 873, 'Status': 'Not Moving'}"
152,"{'Object_ID': 2, 'Class': 'bottle', 'Center_X': 973, 'Center_Y': 872, 'Status': 'Not Moving'}"
153,"{'Object_ID': 2, 'Class': 'bottle', 'Center_X': 973, 'Center_Y': 872, 'Status': 'Not Moving'}"
154,"{'Object_ID': 2, 'Class': 'bottle', 'Center_X': 973, 'Center_Y': 873, 'Status': 'Not Moving'}"
155,"{'Object_ID': 2, 'Class': 'bottle', 'Center_X': 973, 'Center_Y': 872, 'Status': 'Not Moving'}"
156,"{'Object_ID': 2, 'Class': 'bottle', 'Center_X': 973, 'Center_Y': 872, 'Status': 'Not Moving'}"
157,"{'Object_ID': 2, 'Class': 'bottle', 'Center_X': 973, 'Center_Y': 872, 'Status': 'Not Moving'}"
158,"{'Object_ID': 2, 'Class': 'bottle', 'Center_X': 973, 'Center_Y': 873, 'Status': 'Not Moving'}"
159,"{'Object_ID': 2, 'Class': 'bottle', 'Center_X': 973, 'Center_Y': 873, 'Status': 'Not Moving'}"
160,"{'Object_ID': 2, 'Class': 'bottle', 'Center_X': 973, 'Center_Y': 873, 'Status': 'Not Moving'}"
161,"{'Object_ID': 2, 'Class': 'bottle', 'Center_X': 973, 'Center_Y': 873, 'Status': 'Not Moving'}"
162,"{'Object_ID': 2, 'Class': 'bottle', 'Center_X': 973, 'Center_Y': 873, 'Status': 'Not Moving'}"
163,"{'Object_ID': 2, 'Class': 'bottle', 'Center_X': 972, 'Center_Y': 873, 'Status': 'Not Moving'}"
164,"{'Object_ID': 2, 'Class': 'bottle', 'Center_X': 972, 'Center_Y': 873, 'Status': 'Not Moving'}"
165,"{'Object_ID': 2, 'Class': 'bottle', 'Center_X': 973, 'Center_Y': 873, 'Status': 'Not Moving'}"
166,"{'Object_ID': 2, 'Class': 'bottle', 'Center_X': 973, 'Center_Y': 873, 'Status': 'Not Moving'}"
167,"{'Object_ID': 2, 'Class': 'bottle', 'Center_X': 972, 'Center_Y': 874, 'Status': 'Not Moving'}"
168,"{'Object_ID': 2, 'Class': 'bottle', 'Center_X': 972, 'Center_Y': 874, 'Status': 'Not Moving'}"
169,"{'Object_ID': 2, 'Class': 'bottle', 'Center_X': 972, 'Center_Y': 874, 'Status': 'Not Moving'}"
170,"{'Object_ID': 2, 'Class': 'bottle', 'Center_X': 973, 'Center_Y': 873, 'Status': 'Not Moving'}"
171,"{'Object_ID': 2, 'Class': 'bottle', 'Center_X': 972, 'Center_Y': 873, 'Status': 'Not Moving'}"
172,"{'Object_ID': 2, 'Class': 'bottle', 'Center_X': 973, 'Center_Y': 872, 'Status': 'Not Moving'}"
173,"{'Object_ID': 2, 'Class': 'bottle', 'Center_X': 973, 'Center_Y': 872, 'Status': 'Not Moving'}"
174,"{'Object_ID': 2, 'Class': 'bottle', 'Center_X': 972, 'Center_Y': 874, 'Status': 'Not Moving'}"
175,"{'Object_ID': 2, 'Class': 'bottle', 'Center_X': 973, 'Center_Y': 873, 'Status': 'Not Moving'}"
176,"{'Object_ID': 2, 'Class': 'bottle', 'Center_X': 973, 'Center_Y': 873, 'Status': 'Not Moving'}"
177,"{'Object_ID': 2, 'Class': 'bottle', 'Center_X': 973, 'Center_Y': 873, 'Status': 'Not Moving'}"
178,"{'Object_ID': 2, 'Class': 'bottle', 'Center_X': 973, 'Center_Y': 873, 'Status': 'Not Moving'}"
179,"{'Object_ID': 2, 'Class': 'bottle', 'Center_X': 973, 'Center_Y': 874, 'Status': 'Not Moving'}"
180,"{'Object_ID': 2, 'Class': 'bottle', 'Center_X': 972, 'Center_Y': 873, 'Status': 'Not Moving'}"
181,"{'Object_ID': 2, 'Class': 'bottle', 'Center_X': 972, 'Center_Y': 874, 'Status': 'Not Moving'}"
182,"{'Object_ID': 2, 'Class': 'bottle', 'Center_X': 973, 'Center_Y': 873, 'Status': 'Not Moving'}"
183,"{'Object_ID': 2, 'Class': 'bottle', 'Center_X': 973, 'Center_Y': 873, 'Status': 'Not Moving'}"
184,"{'Object_ID': 2, 'Class': 'bottle', 'Center_X': 973, 'Center_Y': 873, 'Status': 'Not Moving'}"
185,"{'Object_ID': 2, 'Class': 'bottle', 'Center_X': 973, 'Center_Y': 873, 'Status': 'Not Moving'}"
186,"{'Object_ID': 2, 'Class': 'bottle', 'Center_X': 973, 'Center_Y': 873, 'Status': 'Not Moving'}"
187,"{'Object_ID': 2, 'Class': 'bottle', 'Center_X': 973, 'Center_Y': 873, 'Status': 'Not Moving'}"
188,"{'Object_ID': 2, 'Class': 'bottle', 'Center_X': 973, 'Center_Y': 872, 'Status': 'Not Moving'}"
189,"{'Object_ID': 2, 'Class': 'bottle', 'Center_X': 973, 'Center_Y': 873, 'Status': 'Not Moving'}"
190,"{'Object_ID': 2, 'Class': 'bottle', 'Center_X': 974, 'Center_Y': 874, 'Status': 'Not Moving'}"
191,"{'Object_ID': 2, 'Class': 'bottle', 'Center_X': 975, 'Center_Y': 874, 'Status': 'Not Moving'}"
192,"{'Object_ID': 2, 'Class': 'bottle', 'Center_X': 976, 'Center_Y': 874, 'Status': 'Not Moving'}"
193,"{'Object_ID': 2, 'Class': 'bottle', 'Center_X': 977, 'Center_Y': 873, 'Status': 'Not Moving'}"
194,"{'Object_ID': 2, 'Class': 'bottle', 'Center_X': 977, 'Center_Y': 873, 'Status': 'Not Moving'}"
195,"{'Object_ID': 2, 'Class': 'bottle', 'Center_X': 976, 'Center_Y': 873, 'Status': 'Not Moving'}"
196,"{'Object_ID': 2, 'Class': 'bottle', 'Center_X': 973, 'Center_Y': 874, 'Status': 'Not Moving'}"
197,"{'Object_ID': 2, 'Class': 'bottle', 'Center_X': 971, 'Center_Y': 872, 'Status': 'Not Moving'}"
198,"{'Object_ID': 2, 'Class': 'bottle', 'Center_X': 967, 'Center_Y': 870, 'Status': 'Not Moving'}"
199,"{'Object_ID': 2, 'Class': 'bottle', 'Center_X': 962, 'Center_Y': 867, 'Status': 'Moving'}"
200,"{'Object_ID': 2, 'Class': 'bottle', 'Center_X': 957, 'Center_Y': 863, 'Status': 'Moving'}"
201,"{'Object_ID': 2, 'Class': 'bottle', 'Center_X': 950, 'Center_Y': 858, 'Status': 'Moving'}"
202,"{'Object_ID': 2, 'Class': 'bottle', 'Center_X': 944, 'Center_Y': 851, 'Status': 'Moving'}"
203,"{'Object_ID': 2, 'Class': 'bottle', 'Center_X': 934, 'Center_Y': 843, 'Status': 'Moving'}"
204,"{'Object_ID': 2, 'Class': 'bottle', 'Center_X': 924, 'Center_Y': 837, 'Status': 'Moving'}"
205,"{'Object_ID': 2, 'Class': 'bottle', 'Center_X': 915, 'Center_Y': 832, 'Status': 'Moving'}"
206,"{'Object_ID': 2, 'Class': 'bottle', 'Center_X': 906, 'Center_Y': 826, 'Status': 'Moving'}"
207,"{'Object_ID': 2, 'Class': 'bottle', 'Center_X': 894, 'Center_Y': 820, 'Status': 'Moving'}"
208,"{'Object_ID': 2, 'Class': 'bottle', 'Center_X': 882, 'Center_Y': 815, 'Status': 'Moving'}"
209,"{'Object_ID': 2, 'Class': 'bottle', 'Center_X': 872, 'Center_Y': 810, 'Status': 'Moving'}"
210,"{'Object_ID': 2, 'Class': 'bottle', 'Center_X': 861, 'Center_Y': 806, 'Status': 'Moving'}"
211,"{'Object_ID': 2, 'Class': 'bottle', 'Center_X': 850, 'Center_Y': 803, 'Status': 'Moving'}"
212,"{'Object_ID': 2, 'Class': 'bottle', 'Center_X': 838, 'Center_Y': 800, 'Status': 'Moving'}"
213,"{'Object_ID': 2, 'Class': 'bottle', 'Center_X': 827, 'Center_Y': 797, 'Status': 'Moving'}"
214,"{'Object_ID': 2, 'Class': 'bottle', 'Center_X': 816, 'Center_Y': 795, 'Status': 'Moving'}"
215,"{'Object_ID': 2, 'Class': 'bottle', 'Center_X': 807, 'Center_Y': 794, 'Status': 'Moving'}"
216,"{'Object_ID': 2, 'Class': 'bottle', 'Center_X': 795, 'Center_Y': 792, 'Status': 'Moving'}"
217,"{'Object_ID': 2, 'Class': 'bottle', 'Center_X': 785, 'Center_Y': 791, 'Status': 'Moving'}"
218,"{'Object_ID': 2, 'Class': 'bottle', 'Center_X': 775, 'Center_Y': 790, 'Status': 'Moving'}"
219,"{'Object_ID': 2, 'Class': 'bottle', 'Center_X': 765, 'Center_Y': 789, 'Status': 'Moving'}"
220,"{'Object_ID': 2, 'Class': 'bottle', 'Center_X': 756, 'Center_Y': 789, 'Status': 'Moving'}"
221,"{'Object_ID': 2, 'Class': 'bottle', 'Center_X': 745, 'Center_Y': 788, 'Status': 'Moving'}"
222,"{'Object_ID': 2, 'Class': 'bottle', 'Center_X': 736, 'Center_Y': 788, 'Status': 'Moving'}"
223,"{'Object_ID': 2, 'Class': 'bottle', 'Center_X': 726, 'Center_Y': 789, 'Status': 'Moving'}"
224,"{'Object_ID': 2, 'Class': 'bottle', 'Center_X': 718, 'Center_Y': 789, 'Status': 'Moving'}"
225,"{'Object_ID': 2, 'Class': 'bottle', 'Center_X': 709, 'Center_Y': 790, 'Status': 'Moving'}"
226,"{'Object_ID': 2, 'Class': 'bottle', 'Center_X': 701, 'Center_Y': 790, 'Status': 'Moving'}"
227,"{'Object_ID': 2, 'Class': 'bottle', 'Center_X': 691, 'Center_Y': 791, 'Status': 'Moving'}"
228,"{'Object_ID': 2, 'Class': 'bottle', 'Center_X': 685, 'Center_Y': 791, 'Status': 'Moving'}"
229,"{'Object_ID': 2, 'Class': 'bottle', 'Center_X': 677, 'Center_Y': 792, 'Status': 'Moving'}"
230,"{'Object_ID': 2, 'Class': 'bottle', 'Center_X': 671, 'Center_Y': 792, 'Status': 'Moving'}"
231,"{'Object_ID': 2, 'Class': 'bottle', 'Center_X': 664, 'Center_Y': 792, 'Status': 'Moving'}"
232,"{'Object_ID': 2, 'Class': 'bottle', 'Center_X': 657, 'Center_Y': 794, 'Status': 'Moving'}"
233,"{'Object_ID': 2, 'Class': 'bottle', 'Center_X': 652, 'Center_Y': 794, 'Status': 'Not Moving'}"
234,"{'Object_ID': 2, 'Class': 'bottle', 'Center_X': 646, 'Center_Y': 794, 'Status': 'Moving'}"
235,"{'Object_ID': 2, 'Class': 'bottle', 'Center_X': 640, 'Center_Y': 795, 'Status': 'Moving'}"
236,"{'Object_ID': 2, 'Class': 'bottle', 'Center_X': 635, 'Center_Y': 795, 'Status': 'Not Moving'}"
237,"{'Object_ID': 2, 'Class': 'bottle', 'Center_X': 631, 'Center_Y': 797, 'Status': 'Not Moving'}"
