Frame_Number,Predictions,FPS
2,
4,
6,
8,
10,
12,
14,
16,
18,
20,
22,
24,
26,
28,
30,
32,
34,
36,Neutral
38,Neutral
40,Neutral
42,Neutral
44,Neutral
46,Neutral
48,Neutral
50,Neutral
52,Neutral
54,Neutral
56,Neutral
58,Neutral
60,Neutral
62,Neutral
64,Neutral
66,Neutral
68,Neutral
70,Neutral
72,Neutral
74,Neutral
76,Neutral
78,Neutral
80,Neutral
82,Neutral
84,Neutral
86,Neutral
88,Neutral
90,Neutral
92,Neutral
94,Neutral
96,Neutral
98,Neutral
100,Neutral
102,Neutral
104,Neutral
106,Neutral
108,Neutral
110,Neutral
112,Neutral
114,Neutral
116,Neutral
118,Neutral
120,Neutral
122,Neutral
124,Neutral
126,Neutral
128,Neutral
130,Neutral
132,Neutral
134,Neutral
136,Neutral
138,Neutral
140,Neutral
142,Neutral
144,Neutral
146,Neutral
148,Neutral
150,Neutral
152,Neutral
154,Neutral
156,Neutral
158,AP_RH_ST
160,AP_RH_ST
162,AP_RH_ST
164,AP_RH_ST
166,AP_RH_ST
168,AP_RH_ST
170,AP_RH_ST
172,AP_RH_ST
174,AP_RH_ST
176,AP_RH_ST
178,AP_RH_ST
180,AP_RH_ST
182,AP_RH_ST
184,AP_RH_ST
186,AP_RH_ST
188,AP_RH_ST
190,AP_RH_ST
192,AP_RH_ST
194,AP_RH_ST
196,AP_RH_ST
198,AP_RH_ST
200,AP_RH_ST
202,AP_RH_ST
204,AP_RH_ST
206,AP_RH_ST
208,AP_RH_ST
210,AP_RH_ST
212,AP_RH_ST
214,AP_RH_ST
216,AP_RH_ST
218,AP_RH_ST
220,AP_RH_ST
222,AP_RH_ST
224,AP_RH_ST
226,AP_RH_ST
228,AP_RH_ST
230,AP_RH_ST
232,AP_RH_ST
234,AP_RH_ST
236,AP_RH_ST
238,AP_RH_ST
240,AP_RH_ST
242,AP_RH_ST
244,AP_RH_ST
246,AP_RH_ST
248,AP_RH_ST
250,AP_RH_ST
252,AP_RH_ST
254,AP_RH_ST
256,AP_RH_ST
258,AP_RH_ST
260,AP_RH_ST
262,AP_RH_ST
264,AP_RH_ST
266,AP_RH_ST
268,AP_RH_ST
270,AP_RH_ST
272,AP_RH_ST
274,AP_RH_ST
276,AP_RH_ST
278,AP_RH_ST
280,AP_RH_ST
282,AP_RH_ST
284,AP_RH_ST
286,AP_RH_ST
288,AP_RH_ST
290,AP_RH_ST
292,AP_RH_ST
294,AP_RH_ST
296,Neutral
298,Neutral
300,Neutral
302,Neutral
304,Neutral
306,Neutral
308,Neutral
